Womens Comfortable Breathable Canvas Soft Ballet Dance Shoes Suitable For Adult and Children Girl Size22~42 16~26cm CXTY-005,5.505000000000001,1,102,6,angelcheng2013,http://www.dhgate.com/store/14774533,99.7
FREE SHIPPING new Women Sports Shoes Fashion Canvas shoes Fitness Shoes Upper Modern Jazz Hip Hop Sneakers Dance Shoes canvas shoes shoe,18.0,1,28,3,china666,http://www.dhgate.com/store/14498736,98.2
Hot Melbourne Shuffle Dance 7 LED Light Rio Olympic Unisex Lace Up Luminous Shoes Sports Sneaker Casual Skateboard Ghost dancing Cheap,22.09,1,32,2,goodbuyzone,http://www.dhgate.com/store/20428595,98.4
women Kids Dance Shoes Canvas comfortable breathe freely antiskid wear-resistant ballet shoe Girs Footwear dancing shoes pink red,2.905,20,9,2,xxcteng,http://www.dhgate.com/store/14497505,100.0
Women in high-heeled dance shoes latin dance shoes latin dancing women wear Square national standards fellowship shipping,38.495000000000005,1,7,1,hyhover1,http://www.dhgate.com/store/14435681,100.0
Special shoes for women in Latin Adult Latin dance shoes with square dance ballroom dancing shoes women wear costumes high-heeled,35.65,1,3,0,hyhover1,http://www.dhgate.com/store/14435681,100.0
Wholesale-BBS-108A014 Dancing shoes for women zapatos de baile latino latin dance shoes girls ballroom salsa dance shoes tenis feminino,20.605,1,2,1,w245,http://www.dhgate.com/store/19850198,99.8
Wholesale-High quality ladies Professional Soft Ballet Pointe Elegant Satin Air Mesh Dance Shoes With Ribbons Free Shipping,24.105,1,6,1,bking,http://www.dhgate.com/store/20062484,98.9
Girl dancing shoes Canvas comfortable breathe freely antiskid wear-resistant ballet shoe kids Footwear Dance Shoes pink red black white,4.07,6,279,1,happy_snow,http://www.dhgate.com/store/14497701,98.5
Wholesale-Brand New Women's Ballroom Latin Tango Dance Shoes Heels High 5cm Hot Sales # A2136,15.11,1,4,1,beimu,http://www.dhgate.com/store/20059157,99.1
2015 new Women Sports Shoes Fashion Canvas shoes Fitness Shoes Upper Modern Jazz Hip Hop Sneakers Dance Shoes canvas shoes shoe,18.0,1,38,7,china666,http://www.dhgate.com/store/14498736,98.2
New canvas jazz shoes lace-up soft split soles modern dance shoes gym yoga fitness karate shoes flat shoes sneakers,14.275,1,2,0,xxcteng,http://www.dhgate.com/store/14497505,100.0
Sneakers Sports Shoes Silk Satin Upper Rhinestones Latin Dance Shoes woman Ballroom Shoe Sandals Gold Heel Girls Zapatos De Baile Latin Shoe,28.439999999999998,9,13,1,love_sports,http://www.dhgate.com/store/20238998,96.2
free shipping Child Adult Ballet Dance Shoes Ballet Pointe Shoes Split Sole slipper Fitness Gymnastics Canvas MYY9422,2.3,50,153,0,meilibaode2008,http://www.dhgate.com/store/14498227,99.3
Modern dance shoes jazz shoes male Women canvas dance shoes sansha,49.155,1,2,1,weixiaogood520,http://www.dhgate.com/store/14350168,0
Autumn and square dancing shoes breathable mesh modern dance shoes jazz shoes soft bottom shoes for women increased fShoes canvas shoes,17.555,1,1,0,gucci888,http://www.dhgate.com/store/14498753,98.4
Wholesale-New 2016 fashion on sale high quality ladies professional ballet pointe dance shoes with ribbons shoes woman zapatos de baile,16.085,1,1,0,bida-amy,http://www.dhgate.com/store/14772500,98.6
Air AA Jordan 12 Retro The Master Jordans Black Shoes For Men Basketball Shoes The Last Dance Shoes With Original Box,71.68,1,0,0,mei1506,http://www.dhgate.com/store/20515173,0
Adult Yoga Dance Shoes Ballet Slippers 4 colors Child Ballet Dance Shoes Split Sole slipper Fitness Fitness Gymnastics Canvas,3.21,10,130,1,topelec,http://www.dhgate.com/store/topelec,99.3
Hot! unisex style Gymnastics shoes practice yoga shoes ballet shoes dance practice shoes women shoes shoes,2.7800000000000002,10,13,0,allday168,http://www.dhgate.com/store/14327858,99.2
Free shipping 2015 Ms. ballroom dance shoes Latin dance shoes satin material professional 6cm and 7.5cm heels three colors clz0227,53.61,1,3,0,jingjing199128,http://www.dhgate.com/store/19917500,100.0
Womens Comfortable Breathable Canvas Soft Ballet Dance Shoes Suitable For Adult cx654214,4.5600000000000005,6,1,1,davidhjg,http://www.dhgate.com/store/19996004,99.2
Girl dancing shoes Canvas comfortable breathe freely antiskid wear-resistant ballet shoe kids Footwear Dance Shoes Adult dancing shoes,2.98,20,24,5,happy_snow,http://www.dhgate.com/store/14497701,98.5
Colorful glowing shoes USB charging ghost dance step LED luminous breathable luminous shoes sneakers men & women Running shoes free shipping,16.855,1,140,13,ex211,http://www.dhgate.com/store/20238737,97.6
5 Color Womens Professional Soft Flats Peep Toes Ballet Dance Shoe Ladies Girls Belly Dancing Shoes free shipping,2.24,5,28,3,agnes123,http://www.dhgate.com/store/orientalwedo,99.0
Free shipping ! size 34---size 40 Women 5.5cm heel suede leather latin dance shoes for autumn and wi,20.57,1,5,2,watch2013,http://www.dhgate.com/store/14426531,99.2
Skate kids skateboard LED shoes Camping & Hiking basketball shoes Mens Dancing boots size:30-45 usb power Energy charge,38.75,2,24,0,xayakids,http://www.dhgate.com/store/20109969,100.0
Wholesale-Professional Satin Women Ballroom Latin Dance shoes 2015 High Quality Lady Tango Salsa Jazz Dance Shoes 5.5cm 7cm Heeled wdq073,22.935,1,2,1,fairness01,http://www.dhgate.com/store/19966789,98.7
Spring and autumn dance shoes increased gauze breathable square dance shoes 12 dance shoes soft outsole women's shoes fitness,19.195,1,1,0,feida98,http://www.dhgate.com/store/14398609,99.1
3 styles High Heel Protector Latin Stiletto Dancing Covers Heel Stoppers Antislip Silicone Protectors for Wedding and Party,0.47,20,160,0,glad2016,http://www.dhgate.com/store/20510206,100.0
Professional Latin shoes dance shoes children girls GB dance shoes soft bottom low-heeled dancing shoes bow 6605,20.785,1,1,0,jingjing199128,http://www.dhgate.com/store/19917500,100.0
Wholesale - Sansha Ladies Women's Professional Canvas Ballet Pointe Dance Shoes full sole ribbons included price !Free shipping,20.685000000000002,1,7,1,wearbag,http://www.dhgate.com/store/18136752,99.7
Enamel Metal Buckle Flat Heel Ballet Flats Candy Color Slip On Dance Flats Women Sheepskin Genuine Leather Shoes Sz 35-41,51.19,1,3,0,mollbaby,http://www.dhgate.com/store/20325697,100.0
Wholesale-ON SALE dance shoes men's Latin dance shoes soft new leather Latin shoes ballroom dance shoes Retail Wholesale,30.735,1,1,0,fenghuangmu,http://www.dhgate.com/store/19987920,99.1
Wholesale-2015 Black Leather Costume Modern  Tango  Ballroom Latin Dance Shoes For Men Low Heel,25.925,1,1,0,saucy,http://www.dhgate.com/store/19969148,98.2
Martin boots lovers with glowing shoes fluorescent USB charging colorful led lights step dancing shoes midnight ghost light shoes,48.885000000000005,1,1,1,whf909,http://www.dhgate.com/store/20328695,100.0
Girl's Women's Latin Dance Shoes Satin  Leather Ballroom  Tango  Salsa Sandals 5.0cm Heel More Style (more color),36.105,1,2,2,cici2016,http://www.dhgate.com/store/20296647,100.0
Wholesale-ON SALE, Sansha Satin Canvas Ballet Professional Ballet Pointe Dance Shoes With Ribbons included Child Ballet Toe Practise Shoe,19.990000000000002,1,7,0,yanmai,http://www.dhgate.com/store/19994737,99.2
Luxury Gold Strap Ballroom Dance Shoes High Heels 2015 New Sandals For Women Red Heels Elegant Wedding Bridal Shoes size 35 to 40,43.105000000000004,1,109,18,tradingbear,http://www.dhgate.com/store/tradingbear,100.0
Wholesale-Free shipping 4 colours lady ballroom latin rumba samba tango dance shoes women gold silver shoes 5.5cm high heeled 35-40 h-0179,16.395,1,8,0,faaa,http://www.dhgate.com/store/19848611,99.3
Dance shoes bertha baysa dance shoes women's isointernational dance shoes wm005 Gifts Christmas ornaments,32.185,1,3,2,glamour_99_china,http://www.dhgate.com/store/14312232,100.0
Shoes 8 inch Pointed Stiletto high heels Open Toe womens Shoes 20cm high-heeled sandals platform dance shoes,74.45500000000001,1,1,0,dengyiwei,http://www.dhgate.com/store/19828681,100.0
Wholesale-Plus Size 33-43 High Heel Women Dancing Shoes Elegant Woman Dance shoes Salsa Satin Ballroom Tango Latin Square Dance Shoes 1338,38.25,1,0,0,sweethouse007,http://www.dhgate.com/store/20283286,100.0
Women Dance Shoes Breathable Casual Shoes Female Fashion Sneakers for Women Summer Sports Training Shoes Woman with Low Heel,33.345,1,0,0,toshion,http://www.dhgate.com/store/20368642,93.9
The quality of the 2017 best Madden; manufacturers selling new women sports shoes, modern jazz, dance shoes, dance shoes, 36-42,21.385,1,0,0,shoes_kits,http://www.dhgate.com/store/20084928,97.7
Brand New Women's Tango Ballroom Canvas Latin Ballet Dance Shoes Salsa Shoes 5cm   7cm Heeled,24.810000000000002,1,1,0,kick6spring,http://www.dhgate.com/store/18395956,100.0
2016 New Hot dance sneakers   on Sale 4 colors fashion style black  red  gold  purple   high quality dance shoes,52.815,1,0,0,yashion2012,http://www.dhgate.com/store/20070812,100.0
WENDYWU womens Dance Shoe Pink Satin Ballet Pointe Shoes size 36-40,22.525,1,0,0,wendywu2008,http://www.dhgate.com/store/14771695,97.4
