Led Luminous Shoes Boys Girls Fashion Light Up Casual Kids Color Flame USB charge Glowing Children Sneaker Dance Shoes	23.689999999999998	1	1	0	choicegoods521	//www.dhgate.com/store/14286678	99.6
Nylon LED Shoelaces Fashion Light Up Casual Sneaker Shoe Laces Disco Party Night Glowing Shoe Strings Hip-hop Dance LED Shoelace2pcs=1pair	1.11	100	550	1	imert	//www.dhgate.com/store/20191496	97.8
Size 35-44 Women &man Sneakers with Platform Canvas Dance Sneakers for Girls and Ladies Sport Prictice Mens Dance Shoes	14.86	1	175	0	vans_shoes	//www.dhgate.com/store/20683613	95.2
2018 Mens Rhyton Casual Shoe Trendy Dad Sneaker Paris Dancing Streetwear Early Spring Women Thick Bottom Sports Leather Sneakers With Box	83.505	1	8	0	factory_store01	//www.dhgate.com/store/19960409	90.0
FREE SHIPPING 2017 new Women Sports Shoes Fashion Canvas shoes Fitness Upper Modern Jazz Hip Hop Sneakers Dance Shoes canvas shoe	17.655	1	42	7	china666	//www.dhgate.com/store/china666	96.0
Air retro 12 Doernbecher basketball shoes Wholesale New arrivel 12s Doernbecher Black Hyper Violet-Pink Blast dancing best quality Sneaker	67.85	1	1	1	onehour	//www.dhgate.com/store/20510149	88.0
Luxury Unisex Men And Women High TOP Shoes Cowskin Leather Ladies Athleisure Sneakers Casual Shoes Dance Sports Free Shipping Size 34-45	71.09	1	5	1	favouriteonline	//www.dhgate.com/store/20685156	95.3
NEW 2017 Dancing Shoes for Women Jazz Sneaker New Salsa Dance Sneakers for Woman Ballroom Dance Shoes Fitness shoes	16.395	1	47	9	success6	//www.dhgate.com/store/14498336	95.1
New Fashion Woman's Red White Black Flat Sneaker Sport Shoes Leisure Canvas Dance Tall Canister Shos	19.36	1	8	1	hlxu	//www.dhgate.com/store/14171289	100.0
REVENGE X STORM BLACK WHITE RED HIGH CUT SNEAKERS Black Men's Shoes Casual Shoes Fashion Hip Hop Hip-hop Street Dance Chute Board	118.14	1	9	0	blongslyj	//www.dhgate.com/store/19859351	100.0
LED Flash Shoes 8 Color USB charging Sneakers Casual Shoes for Mens And Womens shoe Footwear dance party gift Free Shipping	27.0	1	1	0	superhero2	//www.dhgate.com/store/20288661	97.3
Women Luxcry Shoes Rhinestone Spiked Red Bottom Mens Everying Shoes Sneaker Women&039;s Men Fashion Performances Dance Well Wedding	75.02000000000001	1	3	1	topluxurybrand	//www.dhgate.com/store/20472423	95.6
Free shipping new men's high-top shoes fashion casual sports shoes street dance shoes sneakers stitching canvas shoes	22.975	1	7	2	hjpwf168	//www.dhgate.com/store/14370166	96.7
Wholesale-[NaturalHome] Brand Modern Dance Jazz Shoes Sports Feature Soft Outsole Breath Dance Shoes Sneakers for Woman Practice Shoes	19.415	1	16	2	haitan	//www.dhgate.com/store/20055648	100.0
New high help shoes men's shoes fashion British Martin boots thick bottom merchant men's shoes, leisure sports dance sneakers	37.815	1	1	0	goodgoods518	//www.dhgate.com/store/20022708	95.7
Women's Platform Knee Long Rivet Canvas Boots Flat Heel Lace Up Dance Shoes fashion sneakers high top	36.65	1	1	1	tanglefashion	//www.dhgate.com/store/20464975	96.2
Van REVENGE X STORM BLACK WHITE RED HIGH CUT SNEAKERS Black Men's Shoes Casual Shoes Fashion Hip Hop Hip-hop Street Dance Chute Board	118.14	1	6	0	wdingsong	//www.dhgate.com/store/19864263	100.0
Professional Latin ballroom dance shoes Adult lady GB dance shoes with soft bottom dance shoes 7cm in 6801	18.595	1	1	0	jingjing199128	//www.dhgate.com/store/19917500	100.0
Details about 4 Colors Hot Fashion Women Hip Hop Jazz Dance Sneaker Dancewear Shoes	21.35	1	35	5	fair2015	//www.dhgate.com/store/19967452	97.7
Wholesale-Womens Modern Dancing Jazz Sneakers Shoes Soft Hip Hop Canvas Shoes for Men Women Jazz Dancing Custom for Men Women	25.955	1	3	0	hongzhang	//www.dhgate.com/store/19994732	93.8
Hot Melbourne Shuffle Dance 7 LED Light Rio Olympic Unisex Lace Up Luminous Shoes Sports Sneaker Casual Skateboard Ghost dancing Cheap	18.795	10	0	0	luckyshop168	//www.dhgate.com/store/18264285	98.8
Nice Colorful Glowing Shoes USB Charging Ghost Dance Step LED Luminous Breathable Luminous Shoes Sneakers Men & Women Running Shoes DHL	39.0	1	0	0	tallahassed4	//www.dhgate.com/wholesale/products/ff8080815ac66af4015aff7b77417aa0.html	100.0
2017 new men's latin dance shoes PU suede Latin shoes EU39--45 size heel 2cm heel 4cm ballroom modern dance shoes	26.83	1	4	3	andyonline	//www.dhgate.com/store/17970308	100.0
Fashion Men's High Top Lace-up Casual Flat Shoes Winter Dance Street Skateboard Sneakers Shoes 3 color KKA4106	20.08	5	0	0	jingjingliang_no4	//www.dhgate.com/store/20141314	96.7
Women Sports Shoes Fashion Canvas shoes Fitness Shoes Upper Modern Jazz Hip Hop Sneakers Dance Shoes	18.29	1	31	3	makeup_9527	//www.dhgate.com/store/makeup_9527	97.1
NEW style children's USB charging LED light shoes kids Nightclub dance shoes boys and girls sneakers fashion winged shoes casual shoes.	43.015	1	0	0	tumbler6666	//www.dhgate.com/store/20434471	94.1
25-37 Kids sneaker Luminous Lighted with wing LED light up usb Children Casual Flat Boy girl high Shoes red white dance trainer black	38.97	1	1	0	shu678543yang	//www.dhgate.com/store/20047615	93.3
2017 New High help Gold Toes Men's Sports casual shoes Street Dance Shoes Fashion Male Sneakers Running Shoes free shipping	29.245	1	1	0	gengduo	//www.dhgate.com/store/20104128	92.3
NEW style children's USB charging LED light shoes kids Nightclub dance shoes boys and girls sneakers fashion winged shoes casual shoes.	34.15	1	0	0	tumbler019	//www.dhgate.com/store/20386271	90.9
High Top Shoes Fashion Canvas Sneakers Side Zipper Dancing Shoes Casual Canvas Boots	25.92	1	0	0	manager617	//www.dhgate.com/store/20500056	92.5
2018 Sneakers gold sliver red white black Led Usb Luminous Lighted up Shoes for man glowing in dark party dance Casual women 36-46	28.064999999999998	1	1	0	stuffwholesale	//www.dhgate.com/store/20536902	95.2
NEW style children's USB charging LED light kids Nightclub dance shoes boys and girls sneakers fashion winged shoes casual shoes.	41.035	1	0	0	tumbler013	//www.dhgate.com/store/20367723	92.5
women Kids Dance Shoes Canvas comfortable breathe freely antiskid wear-resistant ballet shoe Girs Footwear dancing shoes pink red	2.905	20	13	4	xxcteng	//www.dhgate.com/store/14497505	96.1
2016 NEW style children's USB charging LED light shoes kids Nightclub dance shoes boys and girls sneaker fashion shoes casual shoes.	32.395	1	0	0	tumbler9999	//www.dhgate.com/store/20434472	95.2
Wholesale-Free Shipping Korea SPX 2NE1 Endorsement High Cut Women Sneakers High Platform Flat Shoes Hip Hop Dancing Shoes Black+Red+White	67.805	1	1	0	bking	//www.dhgate.com/store/20062484	99.2
Karmran Mens Genuine Leather Full Studs Rivets Spikes Fashion Sneakers Red Sole Street Dance Flat Shoes	164.31	1	0	0	yueyaer	//www.dhgate.com/store/16898055	88.0
Fashion Men's High Top Lace-up Casual Flat Shoes Winter Dance Street Skateboard Sneakers Shoes 3 color KKA4106	20.08	5	0	0	shuaijinjin_china	//www.dhgate.com/store/shuaijinjin_china	97.8
2017 NEW style children's charging LED light shoes kids Nightclub dance shoes boys and girls sneaker fashion sport casual shoes	11.775	1	1	1	jingyaning01	//www.dhgate.com/store/20699491	94.0
Womens Black Cotton Mary Jane Dance Flat Outdoor Old Beijing Cloth Walking Square Dancing Shoes Flat	13.48	1	0	0	dressprom18	//www.dhgate.com/store/19995869	96.6
FREE SHIPPING new Women Sports Shoes Fashion Canvas shoes Fitness Upper Modern Jazz Hip Hop Sneakers Dance canvas shoes shoe	17.22	1	17	4	gucci888	//www.dhgate.com/store/14498753	96.6
Best LED Shoelaces Fashion Light Up Casual Sneaker Shoe Laces Disco Party Night Glowing Shoe Strings Hip-hop Dance LED Shoelace2pcs=1pair	1.28	100	0	0	hkegomall	//www.dhgate.com/store/20192482	98.7
Hot Melbourne Shuffle Dance 7 LED Light Rio Olympic Unisex Lace Up Luminous Shoes Sports Sneaker Casual Skateboard Ghost dancing Cheap	18.795	10	0	0	jessephone	//www.dhgate.com/store/19755727	100.0
Women's Black Old Beijing Cloth Mary Jane Outdoor Dance Shoes Kitten Heel Lightweight Work Casual Shoes	15.830000000000002	1	0	0	dressprom18	//www.dhgate.com/store/19995869	96.6
Fashion Men's High Top Lace-up Casual Flat Shoes Winter Dance Street Skateboard Sneakers Shoes 3 color KKA4106	20.08	5	0	0	liangjingjing_bag	//www.dhgate.com/store/20230513	97.9
Fashion Men's High Top Lace-up Casual Flat Shoes Winter Dance Street Skateboard Sneakers Shoes 3 color KKA4106	20.08	5	0	0	b2b_bags	//www.dhgate.com/store/20329490	97.8
NEW style children's LED light shoes kids Nightclub dance shoes boys and girls sneaker fashionshoes casual shoes for 4-16 years child.	38.8	1	0	0	expressfashion	//www.dhgate.com/store/20648790	100.0
European Brand Casual shoes men's Fashion Sneakers Sport Shoes High Top Street dancing shoes personality Rivet Students Running Shoe	29.27	1	0	0	european_brand_shoes	//www.dhgate.com/store/20665849	93.3
METALLIC black white red sliver dance LED LUMINOUS SHOES GOLD High Top Men Force light up white sneaker	30.415	1	0	0	fashionstart	//www.dhgate.com/store/20648692	100.0
