page_url,title,price,order,product_url,discount
https://naturalhome.aliexpress.com/store/all-wholesale-products/518251.html,Dancing Shoes for Women Jazz Sneaker New Dance Sneakers for Women Modern Street Dance Shoes,US $15.83,966,//www.aliexpress.com/store/product/NaturalHome-Brand-New-2016-Latin-Dance-Shoes-Women-Jazz-Hip-Hop-Shoes-Salsa-Sneakers-for/518251_32598355504.html,45
https://naturalhome.aliexpress.com/store/all-wholesale-products/518251.html,New Breathable Running Shoes Sports Shoes for Men and Women Unisex Shoes Dream Color Mesh,US $26.99,48,//www.aliexpress.com/store/product/2017-New-Breathable-Running-Shoes-Sports-Shoes-for-Men-and-Women-Unisex-Shoes-Dream-Color-Mesh/518251_32831586051.html,10
https://naturalhome.aliexpress.com/store/all-wholesale-products/518251.html,ZHJLUT New Outdoors Hiking Shoes Men New Outdoor Designer Boots Trekking Shoes Men' Walking Shoes Man Athletic Boot,US $30.07,26,//www.aliexpress.com/store/product/NaturalHome-Brand-New-Outdoors-Hiking-Shoes-Men-New-Outdoor-Designer-Boots-Trekking-Shoes-Men-Walking/518251_32711610355.html,40
https://naturalhome.aliexpress.com/store/all-wholesale-products/518251.html,Dance Shoes for Womens New Sports Shoe Dance Sneakers Low-top,US $18.52,11,//www.aliexpress.com/store/product/NaturalHome-Brand-Dance-Shoes-Women-Shoe-2016-New-Fashion-Sports-Shoe-Platform-Dancing-Ladies-Latin/518251_32598367577.html,35
https://naturalhome.aliexpress.com/store/all-wholesale-products/518251.html,New Dancing Shoes for Women with Split-sole Design High Elastic fit for Modern Jazz Street Dance EU Size 35-42,US $16.49,79,//www.aliexpress.com/store/product/2017-New-Dancing-Shoes-for-Women-with-Split-sole-Design-High-Elastic-fit-for-Modern-Jazz/518251_32829714254.html,45
https://naturalhome.aliexpress.com/store/all-wholesale-products/518251.html,2018 New Top Rubber Dance Shoes Dance Shoes Sneaker Dancing Shoe For Women Ballroom Modern Woman Sneakers Jazz Street,US $20.09,56,//www.aliexpress.com/store/product/NaturalHome-Brand-Sports-Feature-Soft-Outsole-Breath-Dance-Shoes-Sneakers-For-Woman-Practice-Shoes-Modern/518251_32598383431.html,30
https://naturalhome.aliexpress.com/store/all-wholesale-products/518251.html,Professional Running Shoes for Men High Quality Sneakers Breathable Mesh Sports Shoes with Flywire Design Free Gift Insole,US $26.76,225,//www.aliexpress.com/store/product/Professional-Running-Shoes-for-Men-High-Quality-Sneakers-Breathable-Mesh-Sports-Shoes-with-Flywire-Design-Free/518251_32675003154.html,30
https://naturalhome.aliexpress.com/store/all-wholesale-products/518251.html,Sapato Masculino Zhjlut Brand Outdoor Water-resistant Hiking Shoes Men Breathable Climbing Boots Men's Trekking Camping Boot,US $31.49,8,//www.aliexpress.com/store/product/NaturalHome-Brand-Outdoor-Water-resistant-Hiking-Shoes-Men-Women-Breathable-Climbing-Boots-Men-s-Trekking-Shoes/518251_32813859162.html,30
https://naturalhome.aliexpress.com/store/all-wholesale-products/518251.html,BAIDENG Men Athletic Shoes Breathable Trekking Outdoor Boot Men's Hiking Rock Climbing Sport  Boots Shoes Botas,US $42.90,47,//www.aliexpress.com/store/product/BAIDENG-Men-Athletic-Shoes-Breathable-Trekking-Outdoor-Boot-Men-s-Hiking-Rock-Climbing-Sport-Boots-Shoes/518251_32833506576.html,45
https://naturalhome.aliexpress.com/store/all-wholesale-products/518251.html,Women Hip Hop Shoes Jazz Dances For Dancing Sneakers For Woman Feature Soft Outsole Breath Dance Shoes,US $29.98,135,//www.aliexpress.com/store/product/NaturalHome-Brand-Dance-Shoes-Women-Jazz-Hip-Hop-Shoes-Salsa-Sneakers-for-Woman-Feature-Soft/518251_32723367043.html,0
https://naturalhome.aliexpress.com/store/all-wholesale-products/518251.html,2018 Sapato Masculino Baideng Trekking Boots Anti-skid Mens Outdoor Hiking Climbing Shoes Men Sneakers Water-resistant Boot,US $40.46,19,//www.aliexpress.com/store/product/wearproof-trekking-boots-casual-anti-skid-high-quality-cool-mens-outdoor-climbing-breathable-shoes-new-fashion/518251_32256228990.html,48
https://naturalhome.aliexpress.com/store/all-wholesale-products/518251.html,Men's Shoes Fall 2017 New All-match Pro White Shoe Trend of Korean Men's Casual Sport Shoes,US $24.99,0,//www.aliexpress.com/store/product/Men-s-Shoes-Fall-2017-New-All-match-Pro-White-Shoe-Trend-of-Korean-Men-s/518251_32859786891.html,0
https://naturalhome.aliexpress.com/store/all-wholesale-products/518251.html,Air Fly Line Light Sport Shoes Leisure Shoes Shoes,US $75.00,0,//www.aliexpress.com/store/product/Air-Fly-Line-Light-Sport-Shoes-Leisure-Shoes-Shoes/518251_32859786966.html,0
https://naturalhome.aliexpress.com/store/all-wholesale-products/518251.html,New Shoes Flywires Air Sports Shoes Lightweight Running Shoes EVA Outsole,US $69.00,0,//www.aliexpress.com/store/product/New-Shoes-Flywires-Air-Sports-Shoes-Lightweight-Running-Shoes-EVA-Outsole/518251_32858493808.html,0
https://naturalhome.aliexpress.com/store/all-wholesale-products/518251.html,Sports Shoes Running Shoes Air Cushion Breathable Travel Shoes Elastic Cloth Jogging Shoes,US $85.00,0,//www.aliexpress.com/store/product/Sports-Shoes-Running-Shoes-Air-Cushion-Breathable-Travel-Shoes-Elastic-Cloth-Jogging-Shoes/518251_32859842014.html,0
https://naturalhome.aliexpress.com/store/all-wholesale-products/518251.html,Men Shark Skin Soft Shell TAD V 4.0 Outdoor Tactical Military Jackets Water-resistant Sports Army Clothing Jacket,US $35.28,27,//www.aliexpress.com/store/product/Men-Lurker-Shark-Skin-Soft-Shell-TAD-V-4-0-Outdoor-Tactical-Military-Jackets-Waterproof-Windproof/518251_1387559097.html,40
https://naturalhome.aliexpress.com/store/all-wholesale-products/518251.html,Adults Latin Dance Shoes For Women Ladies Girls Square Shoe Heel 5cm,US $13.59,15,//www.aliexpress.com/store/product/NaturalHome-Brand-Adults-Latin-Dance-Shoes-Dancing-Sneakers-for-Women-Ladies-Girls-Square-Dance-Shoe/518251_32754425023.html,15
https://naturalhome.aliexpress.com/store/all-wholesale-products/518251.html,New Modern Dance Shoes Women Sports Feature Dance Sneakers Jazz Hip Hop Shoes Woman Dancing Shoe,US $16.74,114,//www.aliexpress.com/store/product/MoveFun-New-Modern-Dance-Shoes-Women-Sports-Feature-Dance-Sneakers-Jazz-Hip-Hop-Shoes-Woman-Dancing/518251_32807290594.html,35
https://naturalhome.aliexpress.com/store/all-wholesale-products/518251.html,2018 Sale Zapatos De Baile Latino Mujer Feature Soft Outsole Breath Dance Shoes Sneakers For Woman Boot Practice Modern Jazz,US $22.04,18,//www.aliexpress.com/store/product/NaturalHome-Brand-Feature-Soft-Outsole-Breath-Dance-Shoes-Sneakers-for-Woman-Boot-Practice-Shoes-Modern/518251_32627771174.html,30
https://naturalhome.aliexpress.com/store/all-wholesale-products/518251.html,BAIDENG Brand Waterproof Shoes Women Men Design Outdoor Sport Hiking Climbing Sneaker Walking Trekking Shoes Boots,US $34.30,4,//www.aliexpress.com/store/product/New-2014-fashion-winter-waterproof-shoes-women-men-s-designer-outdoor-sport-hiking-climbing-shoe-walking/518251_2034029137.html,30
https://naturalhome.aliexpress.com/store/all-wholesale-products/518251.html,2018 Sale Trekking Redmond Zhjlut New Men Water-resistant Walking Camping Shoes Boots Sports Shoe Leather Outdoor Hiking Boot,US $34.37,18,//www.aliexpress.com/store/product/NaturalHome-Brand-New-Men-Women-Waterproof-Walking-Camping-Shoes-Boots-Sports-Shoe-Leather-Unisex-Outdoor/518251_32711594099.html,35
https://naturalhome.aliexpress.com/store/all-wholesale-products/518251.html,BAIDENG Women Sport Outdoor Shoes Hiking Climbing Sneaker Water-resistant Design Walking Trekking Boots,US $31.16,18,//www.aliexpress.com/store/product/NaturalHome-Brand-Women-Sport-Outdoor-Shoes-Hiking-Climbing-Sneaker-Waterproof-Design-Walking-Trekking-Boots-Shoes/518251_32765913893.html,20
https://naturalhome.aliexpress.com/store/all-wholesale-products/518251.html,New Dance Shoes Women Jazz Hip Hop Shoes Sneakers For Woman Plus Size Dance Shoes,US $23.09,7,//www.aliexpress.com/store/product/NaturalHome-Brand-New-2016-Dance-Shoes-Women-Jazz-Hip-Hop-Fashion-Shoes-Salsa-Sneakers-For/518251_32625426730.html,30
https://naturalhome.aliexpress.com/store/all-wholesale-products/518251.html,2018 New Arrival Promotion Eva Classics Pu Canvas Skateboarding Shoes Sneakers Men Skateboard Sports For Male Eu Size 36.5-44,US $22.49,0,//www.aliexpress.com/store/product/2018-New-Arrival-Promotion-Eva-Classics-Pu-Canvas-Skateboarding-Shoes-Sneakers-Men-Skateboard-Sports-For-Male/518251_32848581640.html,10
https://naturalhome.aliexpress.com/store/all-wholesale-products/518251.html,Fitness Jazz Shoes Women Girls' Modern Dance Platform Breath Feature Soft Outsole Dance Shoes Sneakers Woman Ladies,US $18.92,6,//www.aliexpress.com/store/product/NaturalHome-Fitness-Jazz-Shoes-Women-Girls-Morden-Dance-Platform-Breath-Feature-Soft-Outsole-Dance-Shoes-Sneakers/518251_32799024277.html,15
https://naturalhome.aliexpress.com/store/all-wholesale-products/518251.html,2018 New Unisex Light Sneakers Summer Breathable Mesh Female Running Shoes Trainer Lady Men,US $22.49,1,//www.aliexpress.com/store/product/2018-New-Unisex-Light-Sneakers-Summer-Breathable-Mesh-Female-Running-Shoes-Trainer-Lady-Men/518251_32850887625.html,10
https://naturalhome.aliexpress.com/store/all-wholesale-products/518251.html,2018 New Outdoor Hiking Shoes for Mens Hight Top Sneakers 3 Color Available,US $44.99,0,//www.aliexpress.com/store/product/2018-New-Outdoor-Hiking-Shoes-for-Mens-Hight-Top-Sneakers-3-Color-Available/518251_32857731430.html,10
https://naturalhome.aliexpress.com/store/all-wholesale-products/518251.html,BAIDENG trekking boots women's sports mountain climbing shoes mujer brand design women hiking shoes boot,US $38.43,2,//www.aliexpress.com/store/product/breathable-trekking-boots-women-s-sports-mountain-climbing-shoes-2014-brand-designer-fashion-wearproof-pink-hiking/518251_32238700008.html,30
https://naturalhome.aliexpress.com/store/all-wholesale-products/518251.html,Rhinestone Latin Dance Shoes Woman high Heel 7cm 8cm Ballroom Tango Salsa Dancing Sandals Shoes 5cm 6cm Gold Silver #91,US $31.99,11,//www.aliexpress.com/store/product/movefun-Rhinestone-Latin-Dance-Shoes-Woman-high-Heel-7cm-8cm-Ballroom-Tango-Salsa-Dancing-Sandals-Shoes/518251_32830083070.html,20
https://naturalhome.aliexpress.com/store/all-wholesale-products/518251.html,New Sports Shoes Running Shoes Cushion Breathable Sneakers for Men or Women Fly Line Knitting Jogging US Size 5.5-11.5,US $38.99,6,//www.aliexpress.com/store/product/New-Sports-Shoes-Running-Shoes-Cushion-Breathable-Sneakers-for-Men-or-Women-Fly-Line-Knitting-Jogging/518251_32838789085.html,35
https://naturalhome.aliexpress.com/store/all-wholesale-products/518251.html,ZHJLUT Shoes Men Women Water-resistant Outdoor Hiking Boots Climbing Walking Trekking Boot Mens Leather Hiking Shoes,US $32.38,39,//www.aliexpress.com/store/product/NaturalHome-Brand-Shoes-Men-Women-Waterproof-Outdoor-Hiking-Boots-Climbing-Walking-Trekking-Boot-Mens-Leather/518251_32713279253.html,30
https://naturalhome.aliexpress.com/store/all-wholesale-products/518251.html,BAIDENG Designer Athletic Shoes Hiking Shoes Boots Men Women Outdoor Sports Mens Trekking Shoes Botas,US $31.55,7,//www.aliexpress.com/store/product/athletic-shoes-wearproof-hiking-boots-men-waterproof-quality-anti-skid-breathable-women-mens-casual-outdoor-sport/518251_32238138107.html,48
https://naturalhome.aliexpress.com/store/all-wholesale-products/518251.html,BAIDENG Men Women Mountain Climbing Hiking Sports Shoes Boots Breath Athletic Sneakers Brand Outdoor Hunting Trekking Boots,US $39.32,3,//www.aliexpress.com/store/product/NaturalHome-Men-Women-Mountain-Climbing-Hiking-Sports-Shoes-Boots-Breath-Athletic-Sneakers-Brand-Outdoor-Hunting-Trekking/518251_32801454403.html,15
https://naturalhome.aliexpress.com/store/all-wholesale-products/518251.html,ZHJLUT Men's Women' Hiking Shoes Water-resistant Outdoor Shoe Man Boot Athletic Shoes Top Mountain Climbing Boots Shoes,US $35.36,11,//www.aliexpress.com/store/product/men-s-hiking-shoes-waterproof-outdoor-shoes-3-colors-wearproof-boot-casual-women-shoes-top-quality/518251_32216182588.html,20
https://naturalhome.aliexpress.com/store/all-wholesale-products/518251.html,New Outdoor Hiking Shoes Mens Winter Sneakers Unisex 3 Color Available Hiking Boots Sneakers,US $33.59,1,//www.aliexpress.com/store/product/2017-winter-and-autumn-outdoor-mountaineering-shoes-sesame-lovers-camel-lovers-travel-shoes-manufacturers-wholesale/518251_32832919695.html,20
https://naturalhome.aliexpress.com/store/all-wholesale-products/518251.html,2018 Hot Sale Sapato Masculino Baideng Outdoor Shoes Boot Hiking Botas Top Quality Fun Sports Mountain Trekking Hunting Boots,US $37.73,1,//www.aliexpress.com/store/product/Fashion-wearproof-breathable-outdoors-boot-hiking-shoes-high-quality-fun-sports-mountain-trekking-shoes-hunting-boots/518251_32238149154.html,30
https://naturalhome.aliexpress.com/store/518251/search/4.html,Ladies Latin Dance Shoes Glitter Girls Dancing Shoes Women 8.5cm High Heel Black Gold Soft Sole Salsa Ballroom Shoes,US $27.99,3,//www.aliexpress.com/store/product/Ladies-Latin-Dance-Shoes-Glitter-Girls-Dancing-Shoes-Women-8-5cm-High-Heel-Black-Gold-Soft/518251_32830035982.html,30
https://naturalhome.aliexpress.com/store/518251/search/4.html,Free Shipping Woman Girl's Gold Ballroom Latin Shoes New Soft Dance Shoes Women  Square Latin Dancing Shoes Adults,US $19.49,1,//www.aliexpress.com/store/product/MoveFun-Free-Shipping-Woman-Girl-s-Gold-Ballroom-Latin-Shoes-New-Soft-Dance-Shoes-Women-Square/518251_32821233178.html,35
https://naturalhome.aliexpress.com/store/518251/search/4.html,Zapatillas Deporte Mujer Feminino Esportivo 2018 New Sports Shoes Cushion Korean Couple Breathable Men's Size Eu34-47,US $22.49,0,//www.aliexpress.com/store/product/Zapatillas-Deporte-Mujer-Feminino-Esportivo-2018-New-Sports-Shoes-Cushion-Korean-Couple-Breathable-Men-s-Size/518251_32847409385.html,10
https://naturalhome.aliexpress.com/store/518251/search/4.html,Extra Shipping Fee or Other Demands,US $1.00,1,//www.aliexpress.com/store/product/Extra-Shipping-Fee-or-Other-Demands/518251_32843591502.html,0
https://naturalhome.aliexpress.com/store/518251/search/4.html,How to Get Free Product?,"US $1,000.00",0,//www.aliexpress.com/store/product/How-to-Get-Free-Product/518251_32859731748.html,0
https://naturalhome.aliexpress.com/store/518251/search/2.html,Women's Latin Dance Shoes Salsa Party Ballroom Dancing Shoe Girl's Dance Sandals Heel 5cm,US $14.44,20,//www.aliexpress.com/store/product/NaturalHome-Brand-Women-s-Latin-Dance-Shoes-Salsa-Party-Ballroom-Dancing-Shoe-Girl-s-Dance/518251_32754453441.html,15
https://naturalhome.aliexpress.com/store/518251/search/2.html,2018 Real Rushed Pu Feminino Esportivo Sport Trainers Shoes Men Run Sneakers Sports Mens Running Free Zapatillas Hombre,US $58.00,19,//www.aliexpress.com/store/product/Brand-sport-trainers-shoes-men-women-runing-sneakers-sports-mens-running-shoes-free-run-size-35/518251_32506576336.html,0
https://naturalhome.aliexpress.com/store/518251/search/2.html,Ladies Girl's Sandals Shoes Heel 3.5cm Kids Children Buckle Latin/Ballroom/Salsa Dance Shoes for Women,US $12.59,29,//www.aliexpress.com/store/product/NaturalHome-Brand-Ladies-Girl-s-Sandals-Shoes-Heel-3-5cm-Kids-Children-Buckle-Latin-Ballroom/518251_32714226626.html,40
https://naturalhome.aliexpress.com/store/518251/search/2.html,New Dance Shoes for Girls Sports Soft Outsole Breath Women Practice Shoes Modern Jazz Dance Shoes Sneakers,US $20.78,3,//www.aliexpress.com/store/product/NaturalHome-Brand-New-Dance-Shoes-for-Girls-Sports-Soft-Outsole-Breath-Women-Practice-Shoes-Modern/518251_32625717100.html,30
https://naturalhome.aliexpress.com/store/518251/search/2.html,New Mountain Hiking Shoes Men Low Top Keep Warm Shoes With Velvet Outdoor Shoes  Hiking Boots Mens Winter Sneakers,US $34.99,4,//www.aliexpress.com/store/product/Low-Top-Keep-Warm-Shoes-with-Velvet-Outdoor-Shoes-Mountain-Shoes-Hiking-Shoes-Sneakers/518251_32831650072.html,30
https://naturalhome.aliexpress.com/store/518251/search/2.html,2018 Yeezys Air Feminino Esportivo Winter Sports Running Shoes For Men Or Keep Warm Sneakers Trekking Us Size 5.5-11.5,US $26.99,12,//www.aliexpress.com/store/product/2017-Sports-Running-Shoes-for-Men-or-Women-Sneakers-Trekking-US-Size-5-5-11-5/518251_32826914909.html,10
https://naturalhome.aliexpress.com/store/518251/search/2.html,Air Max & Sports Shoes Female Spring Summer Sweat Male Shock Hipoly Comfortable Breathable Insole,US $7.64,2,//www.aliexpress.com/store/product/MoveFun-Air-Max-Sports-Shoes-Female-Spring-Summer-Sweat-Male-Shock-Hipoly-Comfortable-Breathable-Insole/518251_32825786934.html,15
https://naturalhome.aliexpress.com/store/518251/search/2.html,New Outdoor Men's Sports Running Shoes Hand-woven Shoes Wear-resistant Non-slip Lightweight Breathable US Size 5-9.5,US $34.79,0,//www.aliexpress.com/store/product/New-Outdoor-Men-s-Sports-Running-Shoes-Hand-woven-Shoes-Wear-resistant-Non-slip-Lightweight-Breathable/518251_32844984052.html,40
https://naturalhome.aliexpress.com/store/518251/search/2.html,Kids Children Latin Dance Shoes Zapatos Girl's Ballroom Shoes Woman Salsa Zapatos de Baile Latino Mujer,US $12.59,7,//www.aliexpress.com/store/product/NaturalHome-Brand-Kids-Children-Latin-Dance-Shoes-Zapatos-Girl-s-Ballroom-Shoes-Woman-Salsa-Zapatos/518251_32714732271.html,40
https://naturalhome.aliexpress.com/store/518251/search/2.html,Adults Latin Dance Shoes Party Salsa Ballroom Girl's Dancing Shoe Dance Sandals Women Heel 5.5cm,US $15.29,3,//www.aliexpress.com/store/product/NaturalHome-Brand-Adults-Latin-Dance-Shoes-Party-Salsa-Ballroom-Girl-s-Dancing-Shoe-Dance-Sandals/518251_32754413847.html,15
https://naturalhome.aliexpress.com/store/518251/search/2.html,New Men's Sport Shoes Sneakers for Men or Women Light-weight Hollow Design US Size 5.5-9.5,US $23.99,1,//www.aliexpress.com/store/product/New-Men-s-Sport-Shoes-Sneakers-for-Men-or-Women-Light-weight-Hollow-Design-US-Size/518251_32840161737.html,35
https://naturalhome.aliexpress.com/store/518251/search/2.html,2018 Real Sale Rubber Redmond Climbing Baideng Men's Athletic Shoes Sports Hiking Shoe Outdoor Style Women Trekking Boots Botas,US $39.60,2,//www.aliexpress.com/store/product/New-men-s-athletic-shoes-sports-mountaineering-outdoor-shoe-style-women-casual-wearproof-trekking-boots-anti/518251_32238195742.html,20
https://naturalhome.aliexpress.com/store/518251/search/2.html,New Sport Running Shoes Breathable with Fabric Hollow Design Sneakers for Men or Women US Size 5-10.5,US $23.99,3,//www.aliexpress.com/store/product/New-Sport-Running-Shoes-Breathable-with-Fabric-Hollow-Design-Sneakers-for-Men-or-Women-US-Size/518251_32839997709.html,20
https://naturalhome.aliexpress.com/store/518251/search/2.html,New Glitter Girls Dance Shoes Women Latin Dancing Shoes Party Social Ballroom Dance Shoes for Women Heel 4cm,US $18.74,1,//www.aliexpress.com/store/product/MoveFun-2017-New-Glitter-Girls-Dance-Shoes-Women-Latin-Dancing-Shoes-Party-Social-Ballroom-Dance-Shoes/518251_32824635557.html,25
https://naturalhome.aliexpress.com/store/518251/search/2.html,Adults Breath Non-slip Sports Shoes for Women Platform Dance Shoes Sneakers Woman Leather Jazz Sneaker Ladies,US $23.43,4,//www.aliexpress.com/store/product/NaturalHome-Adults-Breath-Non-slip-Sports-Shoes-for-Women-Platform-Dance-Shoes-Sneakers-Woman-Leather-Jazz/518251_32800685787.html,15
https://naturalhome.aliexpress.com/store/518251/search/2.html,New Adults Latin Dance Shoes Men's Salsa Tango Ballroom Dancing Shoe Low Heels Dance Sneakers for Man,US $18.69,0,//www.aliexpress.com/store/product/MoveFun-New-Adults-Latin-Dance-Shoes-Men-s-Salsa-Tango-Ballroom-Dancing-Shoe-Low-Heels-Dance/518251_32817981097.html,15
https://naturalhome.aliexpress.com/store/518251/search/2.html,Summer New Satin Latin Dancing Shoes Women's Soft Modern Ladies Adult Social Square Dance Shoe 5cm,US $21.24,1,//www.aliexpress.com/store/product/MoveFun-2017-Summer-New-Satin-Latin-Dancing-Shoes-Women-s-Soft-Modern-Ladies-Adult-Social-Square/518251_32821775105.html,15
https://naturalhome.aliexpress.com/store/518251/search/2.html,Women Leather Jazz Shoes New Sport Style Breathable Comfortable Modern Dancing Shoes Female,US $25.89,5,//www.aliexpress.com/store/product/Women-Leather-Jazz-Shoes-New-Sport-Style-Breathable-Comfortable-Modern-Dancing-Shoes-Female/518251_32674481888.html,30
https://naturalhome.aliexpress.com/store/518251/search/2.html,White High Quality Wedding Closed Toe Dance Shoe Ballroom Salsa Latin Tango Bachata Dancing Shoes Women Heels 5 6 7 8cm,US $27.99,3,//www.aliexpress.com/store/product/White-High-Quality-Wedding-Closed-Toe-Dance-Shoe-Ballroom-Salsa-Latin-Tango-Bachata-Dancing-Shoes-Women/518251_32827796732.html,30
https://naturalhome.aliexpress.com/store/518251/search/2.html,ZHJLUT New Outdoor Hiking Shoes Men Breathable Water-resistant Walking Trekking Shoe Women Boots  Shoes Botas Trekking,US $28.00,3,//www.aliexpress.com/store/product/NaturalHome-Brand-New-Outdoor-Hiking-Shoes-Men-Breathable-Waterproof-Walking-Trekking-Shoe-Women-Boots-Shoes/518251_32713279451.html,40
https://naturalhome.aliexpress.com/store/518251/search/2.html,Autumn New Athletic Sports Running Shoes for Men or Women Breathable US Size 5.5-9.5,US $26.99,2,//www.aliexpress.com/store/product/Autumn-New-Athletic-Sports-Running-Shoes-for-Men-or-Women-Breathable-US-Size-5-5-9/518251_32845118813.html,10
https://naturalhome.aliexpress.com/store/518251/search/2.html,New Sports Shoes Running Shoes Cushion Breathable Sneakers for Mens Fly Line Knitting Jogging Shoes US Size 7-9.5,US $37.49,0,//www.aliexpress.com/store/product/New-Sports-Shoes-Running-Shoes-Cushion-Breathable-Sneakers-for-Mens-Fly-Line-Knitting-Jogging-Shoes-US/518251_32839692311.html,25
https://naturalhome.aliexpress.com/store/518251/search/2.html,BEITA New Running Shoes Breathable Sports Shoes Men 's Light-weight Shoes Wear-resistant Air-cushion Travel,US $33.68,0,//www.aliexpress.com/store/product/BEITA-New-Running-Shoes-Breathable-Sports-Shoes-Men-s-Light-weight-Shoes-Wear-resistant-Air-cushion/518251_32831225767.html,25
https://naturalhome.aliexpress.com/store/518251/search/2.html,Women Dance Sneakers New Arrival Women Light Dance Shoes Lady Mesh Soft Dance Sneakers,US $21.05,0,//www.aliexpress.com/store/product/NaturalHome-Brand-Women-Dance-Sneakers-2016-New-Arrival-Fashionable-Women-Light-Dance-Shoes-Lady-Mesh/518251_32597236668.html,35
https://naturalhome.aliexpress.com/store/518251/search/2.html,Delocrd Summer Men's Tennis Shoes Breathable Male Flywire Running Shoes Light Sport Black Shoes,US $26.99,0,//www.aliexpress.com/store/product/Delocrd-Summer-Men-s-Tennis-Shoes-Breathable-Male-Flywire-Running-Shoes-Light-Casual-Shoes-Black-Shoes/518251_32823984711.html,10
https://naturalhome.aliexpress.com/store/518251/search/2.html,2018 New Limited Zapatos De Baile Latino Mujer Smooth Soft Dance Shoes Women Rubber Sole Outdoor Dancing Shoe Square Modern 5cm,US $21.24,0,//www.aliexpress.com/store/product/MoveFun-Smooth-Soft-Dance-Shoes-Women-Black-Rubber-Sole-Outdoor-Dancing-Shoe-Square-Modern-Dance-Shoes/518251_32824615635.html,15
https://naturalhome.aliexpress.com/store/518251/search/2.html,High Quality Unisex Hiking Shoes New Autumn Winter Brand Outdoor Mens Sport Cool Trekking Mountain Woman Climbing Athletic Shoes,US $34.99,5,//www.aliexpress.com/store/product/2017-New-Outdoor-Hiking-Shoes-Mens-Winter-Sneakers-Unisex-4-Color-Available-Velvet-Optional/518251_32831642898.html,30
https://naturalhome.aliexpress.com/store/518251/search/2.html,2018 Yeezys Air Zapatillas Hombre Deportiva Summer Light Weight Running Shoes For Men And Non Slip Sneakers Sports Us Size 7-11,US $23.99,2,//www.aliexpress.com/store/product/Delocrd-Summer-Light-Weight-Running-Shoes-for-Men-and-Women-Non-Slip-Sneakers-Sports-Shoes/518251_32825001259.html,20
https://naturalhome.aliexpress.com/store/518251/search/2.html,2018 New Outdoor Hiking Shoes for Womens Hight Top Sneakers 3 Color Available,US $44.99,4,//www.aliexpress.com/store/product/2018-New-Outdoor-Hiking-Shoes-for-Womens-Hight-Top-Sneakers-3-Color-Available/518251_32837079310.html,10
https://naturalhome.aliexpress.com/store/518251/search/2.html,2018 Limited Eva Pu Yeezys Air Feminino Esportivo New Running Shoes For Men Or Sport Comfortable Sneakers Size Eu34-47,US $22.49,2,//www.aliexpress.com/store/product/2018-Limited-Eva-Pu-Yeezys-Air-Feminino-Esportivo-New-Running-Shoes-For-Men-Or-Sport-Comfortable/518251_32850035622.html,10
https://naturalhome.aliexpress.com/store/518251/search/2.html,Unisex Orthotic Arch Support Sports Shoe Pad EVA PU Shock Absorption Running Shoes Insole,US $4.94,5,//www.aliexpress.com/store/product/MoveFun-Unisex-Orthotic-Arch-Support-Sports-Shoe-Pad-EVA-PU-Shock-Absorption-Running-Shoes-Insole/518251_32823433895.html,45
https://naturalhome.aliexpress.com/store/518251/search/2.html,Dance Shoes Newest Square Dancing Sneakers Modern Dance Boots Fitness Jazz Shoes for Women,US $27.44,13,//www.aliexpress.com/store/product/NaturalHome-Brand-Dance-Shoes-Newest-Square-Dancing-Sneakers-Modern-Dance-Boots-Fitness-Jazz-Shoes-for/518251_32757455655.html,25
https://naturalhome.aliexpress.com/store/518251/search/2.html,BEITA Autumn Winter Men Basketball Shoes Boots Men's Sports Footwear Shoes Sneakers,US $28.59,0,//www.aliexpress.com/store/product/NaturalHome-Brand-2016-Autumn-Winter-Fashion-Men-Basketball-Shoes-Boots-Men-s-Sports-Footwear-Shoes/518251_32598877873.html,15
https://naturalhome.aliexpress.com/store/518251/search/2.html,2018 Real Zapatos De Baile Latino Mujer Hot Sale Women's Girl's Hollow Dot Ballroom Tango Dance Shoes Dancing Sneakers Practice,US $21.57,7,//www.aliexpress.com/store/product/2018-Real-Zapatos-De-Baile-Latino-Mujer-Hot-Sale-Women-s-Girl-s-Hollow-Dot-Ballroom/518251_32674477580.html,30
https://naturalhome.aliexpress.com/store/518251/search/2.html,2018 Zapatillas Hombre Deportiva Ankle Lace-up Non Slip Men's Basketball Shoes Sneakers Men Boots Man Sports Triner Sneaker,US $30.78,0,//www.aliexpress.com/store/product/NaturalHome-Brand-Ankle-lace-up-Non-Slip-Men-s-Basketball-Shoes-Sneakers-Men-Boots-Man/518251_32714631372.html,40
https://naturalhome.aliexpress.com/store/518251/search/2.html,New Sports Feature Soft Outsole Breath Dance Shoes Sneakers For Woman Practice Shoes Modern Dance Jazz Shoes,US $22.88,2,//www.aliexpress.com/store/product/NaturalHome-Brand-New-Sports-Feature-Soft-Outsole-Breath-Dance-Shoes-Sneakers-For-Woman-Practice-Shoes/518251_32625653514.html,30
